{"UUID":"SAojelk4cRCwfJ9E7BEKBf","layoutMainAxisSizing":null,"layoutCrossAxisSizing":null,"name":"Untitled","isVisible":true,"boundaryRectangle":null,"style":null,"prototypeNodeUUID":null,"child":null,"constraints":null,"debug":false,"pngPath":"/usr/src/app/temp-out/pb-tmp-856c0cc5-5111-482b-8b8e-0b1087aa1ea9/fagma/lib/assets/images","pages":[{"UUID":"4:246","layoutMainAxisSizing":null,"layoutCrossAxisSizing":null,"name":"UI","isVisible":true,"boundaryRectangle":null,"style":null,"prototypeNodeUUID":null,"child":null,"constraints":null,"convert":true,"screens":[],"pbdlType":"page"}],"miscPages":[],"sharedStyles":[],"globalStyles":{"UUID":"","layoutMainAxisSizing":null,"layoutCrossAxisSizing":null,"name":"","isVisible":false,"boundaryRectangle":null,"style":null,"prototypeNodeUUID":null,"child":null,"constraints":null,"pbdlType":"global_styles","designSystem":"material","colors":[{"UUID":"4:268","layoutMainAxisSizing":null,"layoutCrossAxisSizing":null,"name":"Primary Color Palettes/Neutral/Neutral50","isVisible":false,"boundaryRectangle":null,"style":null,"prototypeNodeUUID":null,"child":null,"constraints":null,"description":"","pbdlType":"global_color","color":{"a":1.0,"r":0.9764705896377563,"g":0.9803921580314636,"b":0.9843137264251709}},{"UUID":"4:276","layoutMainAxisSizing":null,"layoutCrossAxisSizing":null,"name":"Primary Color Palettes/Neutral/Neutral400","isVisible":false,"boundaryRectangle":null,"style":null,"prototypeNodeUUID":null,"child":null,"constraints":null,"description":"","pbdlType":"global_color","color":{"a":1.0,"r":0.6117647290229797,"g":0.6392157077789307,"b":0.686274528503418}},{"UUID":"4:266","layoutMainAxisSizing":null,"layoutCrossAxisSizing":null,"name":"Primary Color Palettes/Primary/Primary700","isVisible":false,"boundaryRectangle":null,"style":null,"prototypeNodeUUID":null,"child":null,"constraints":null,"description":"","pbdlType":"global_color","color":{"a":1.0,"r":0.26363083720207214,"g":0.17916667461395264,"b":0.7166666388511658}},{"UUID":"4:273","layoutMainAxisSizing":null,"layoutCrossAxisSizing":null,"name":"Primary Color Palettes/Shades/Pure White","isVisible":false,"boundaryRectangle":null,"style":null,"prototypeNodeUUID":null,"child":null,"constraints":null,"description":"","pbdlType":"global_color","color":{"a":1.0,"r":1.0,"g":1.0,"b":1.0}},{"UUID":"7:27","layoutMainAxisSizing":null,"layoutCrossAxisSizing":null,"name":"Primary Color Palettes/Neutral/Neutral600","isVisible":false,"boundaryRectangle":null,"style":null,"prototypeNodeUUID":null,"child":null,"constraints":null,"description":"","pbdlType":"global_color","color":{"a":1.0,"r":0.29411765933036804,"g":0.3333333432674408,"b":0.38823530077934265}},{"UUID":"7:33","layoutMainAxisSizing":null,"layoutCrossAxisSizing":null,"name":"Primary Color Palettes/Warning/Warning100","isVisible":false,"boundaryRectangle":null,"style":null,"prototypeNodeUUID":null,"child":null,"constraints":null,"description":"","pbdlType":"global_color","color":{"a":1.0,"r":0.9960784316062927,"g":0.9529411792755127,"b":0.7803921699523926}},{"UUID":"6:102","layoutMainAxisSizing":null,"layoutCrossAxisSizing":null,"name":"Primary Color Palettes/Neutral/Neutral100","isVisible":false,"boundaryRectangle":null,"style":null,"prototypeNodeUUID":null,"child":null,"constraints":null,"description":"","pbdlType":"global_color","color":{"a":1.0,"r":0.9529411792755127,"g":0.95686274766922,"b":0.9647058844566345}},{"UUID":"5:115","layoutMainAxisSizing":null,"layoutCrossAxisSizing":null,"name":"Primary Color Palettes/Shades/Pure Black","isVisible":false,"boundaryRectangle":null,"style":null,"prototypeNodeUUID":null,"child":null,"constraints":null,"description":"","pbdlType":"global_color","color":{"a":1.0,"r":0.0,"g":0.0,"b":0.0}},{"UUID":"6:500","layoutMainAxisSizing":null,"layoutCrossAxisSizing":null,"name":"Primary Color Palettes/Success/Success400","isVisible":false,"boundaryRectangle":null,"style":null,"prototypeNodeUUID":null,"child":null,"constraints":null,"description":"","pbdlType":"global_color","color":{"a":1.0,"r":0.29019609093666077,"g":0.8705882430076599,"b":0.501960813999176}},{"UUID":"82:959","layoutMainAxisSizing":null,"layoutCrossAxisSizing":null,"name":"Primary Color Palettes/Neutral/Neutral700","isVisible":false,"boundaryRectangle":null,"style":null,"prototypeNodeUUID":null,"child":null,"constraints":null,"description":"","pbdlType":"global_color","color":{"a":1.0,"r":0.21568627655506134,"g":0.2549019753932953,"b":0.3176470696926117}},{"UUID":"7:128","layoutMainAxisSizing":null,"layoutCrossAxisSizing":null,"name":"Primary Color Palettes/Primary/Primary900","isVisible":false,"boundaryRectangle":null,"style":null,"prototypeNodeUUID":null,"child":null,"constraints":null,"description":"","pbdlType":"global_color","color":{"a":1.0,"r":0.14588239789009094,"g":0.05882352590560913,"b":0.6392157077789307}},{"UUID":"7:96","layoutMainAxisSizing":null,"layoutCrossAxisSizing":null,"name":"Neutrals/White","isVisible":false,"boundaryRectangle":null,"style":null,"prototypeNodeUUID":null,"child":null,"constraints":null,"description":"","pbdlType":"global_color","color":{"a":1.0,"r":1.0,"g":1.0,"b":1.0}},{"UUID":"7:31","layoutMainAxisSizing":null,"layoutCrossAxisSizing":null,"name":"Primary Color Palettes/Primary/Primary50","isVisible":false,"boundaryRectangle":null,"style":null,"prototypeNodeUUID":null,"child":null,"constraints":null,"description":"","pbdlType":"global_color","color":{"a":1.0,"r":0.929411768913269,"g":0.9058823585510254,"b":0.9725490212440491}},{"UUID":"7:131","layoutMainAxisSizing":null,"layoutCrossAxisSizing":null,"name":"Primary Color Palettes/Neutral/Neutral800","isVisible":false,"boundaryRectangle":null,"style":null,"prototypeNodeUUID":null,"child":null,"constraints":null,"description":"","pbdlType":"global_color","color":{"a":1.0,"r":0.10145454108715057,"g":0.1250181794166565,"b":0.18000000715255737}},{"UUID":"84:611","layoutMainAxisSizing":null,"layoutCrossAxisSizing":null,"name":"Primary Color Palettes/Triadic/Triadic400","isVisible":false,"boundaryRectangle":null,"style":null,"prototypeNodeUUID":null,"child":null,"constraints":null,"description":"","pbdlType":"global_color","color":{"a":1.0,"r":0.8823529481887817,"g":0.3921568691730499,"b":0.32549020648002625}},{"UUID":"6:373","layoutMainAxisSizing":null,"layoutCrossAxisSizing":null,"name":"Primary Color Palettes/Success/Success100","isVisible":false,"boundaryRectangle":null,"style":null,"prototypeNodeUUID":null,"child":null,"constraints":null,"description":"","pbdlType":"global_color","color":{"a":1.0,"r":0.8627451062202454,"g":0.9882352948188782,"b":0.9058823585510254}}],"textStyles":[],"themeColors":[],"themeTextStyles":[]},"pbdlType":"project","azure_container_uri":"https://pbnestcore.blob.core.windows.net/saojelk4crcwfj9e7bekbf"}